{
    "keep": {
        "days": true,
        "amount": 14
    },
    "auditLog": "logs/.4d2337656df19d4661401eeb82570507e0fe59a7-audit.json",
    "files": [
        {
            "date": 1752132031114,
            "name": "logs/application-2025-07-10.log",
            "hash": "90fd1e4d9499b810c071faedc86a4f2a5c374d44ac17dd4be0638afb30284768"
        },
        {
            "date": 1752186306330,
            "name": "logs/application-2025-07-11.log",
            "hash": "4699b9b08b8e3d8a449d34b536f1aad578dda7eb7ef68ad377b7e9221cc5bffb"
        },
        {
            "date": 1752274157242,
            "name": "logs/application-2025-07-12.log",
            "hash": "af6b60f4705c2164158a3a416a6ccf537a7d37698a75f462803c8015e73f4cf7"
        },
        {
            "date": 1752365298102,
            "name": "logs/application-2025-07-13.log",
            "hash": "dde74639ee44c31818a3ac8f9097aa8694c7d53473ef15813c8d5fed813908c7"
        },
        {
            "date": 1752454491768,
            "name": "logs/application-2025-07-14.log",
            "hash": "3ea653bf6607319ca7075b6a2404d94081ae65f9e933749391ef8852d3c53e37"
        },
        {
            "date": 1753170441694,
            "name": "logs/application-2025-07-22.log",
            "hash": "7d52624d36a4fcfe615ca51ce10353b9a19b8aaecd1dfcf485188f32fe3a6b3e"
        }
    ],
    "hashType": "sha256"
}