{
    "keep": {
        "days": true,
        "amount": 14
    },
    "auditLog": "logs/.6b77785a74c362881f6fb7e95a7530280abbf9ed-audit.json",
    "files": [
        {
            "date": 1752132031116,
            "name": "logs/error-2025-07-10.log",
            "hash": "5a037e99bd5e3d9e50758485180fe04c2b57f05e4cd8e97514f9690d861eaee8"
        },
        {
            "date": 1752262121078,
            "name": "logs/error-2025-07-11.log",
            "hash": "04a8d6047371e77b5317a67e09c3e72f22137845a14f76267e9a0a5b0e6028c9"
        },
        {
            "date": 1752285016467,
            "name": "logs/error-2025-07-12.log",
            "hash": "545adf119e06c14dd78ff3a4ee395643138825a5026e47f5c9431b5a26abf947"
        },
        {
            "date": 1752398370553,
            "name": "logs/error-2025-07-13.log",
            "hash": "3c701b8c0966e4235674508dd23a0fcf3c1856c150be105c14837d57ff8c31ca"
        },
        {
            "date": 1752454491801,
            "name": "logs/error-2025-07-14.log",
            "hash": "bafed30ddc4573061d8efc82fefb8e55194252e80d94156d18bfee8466a59cfb"
        },
        {
            "date": 1753170441695,
            "name": "logs/error-2025-07-22.log",
            "hash": "b9a07ab669b3d4609fabc498f3599b0629781617f36f95364ad7560081714ba1"
        }
    ],
    "hashType": "sha256"
}